<?xml version="1.0" encoding="UTF-8"?><?xml-stylesheet type='text/xsl' href='_UpgradeReport_Files/UpgradeReport.xslt'?><UpgradeLog>
<Properties><Property Name="Solution" Value="USB2ISP">
</Property><Property Name="解决方案文件" Value="C:\USB2ISP.NET.20120222\USB2ISP.NET1\USB2ISP.sln">
</Property><Property Name="用户选项文件" Value="C:\USB2ISP.NET.20120222\USB2ISP.NET1\USB2ISP.suo">
</Property><Property Name="Date" Value="2012年2月22日">
</Property><Property Name="Time" Value="16:49">
</Property></Properties><Event ErrorLevel="0" Project="" Source="USB2ISP.sln" Description="文件已成功备份为 C:\USB2ISP.NET.20120222\USB2ISP.NET1\Backup\USB2ISP.sln">
</Event><Event ErrorLevel="0" Project="" Source="USB2ISP.suo" Description="文件已成功备份为 C:\USB2ISP.NET.20120222\USB2ISP.NET1\Backup\USB2ISP.suo">
</Event><Event ErrorLevel="0" Project="USB2ISP" Source="USB2ISP.vbproj" Description="项目文件已成功备份为 C:\USB2ISP.NET.20120222\USB2ISP.NET1\Backup\USB2ISP.vbproj">
</Event><Event ErrorLevel="0" Project="USB2ISP" Source="USB2ISP.vbproj.user" Description="项目用户文件成功备份为 C:\USB2ISP.NET.20120222\USB2ISP.NET1\Backup\USB2ISP.vbproj.user">
</Event><Event ErrorLevel="0" Project="USB2ISP" Source="AssemblyInfo.vb" Description="文件已成功备份为 C:\USB2ISP.NET.20120222\USB2ISP.NET1\Backup\AssemblyInfo.vb">
</Event><Event ErrorLevel="0" Project="USB2ISP" Source="frmMain.Designer.vb" Description="文件已成功备份为 C:\USB2ISP.NET.20120222\USB2ISP.NET1\Backup\frmMain.Designer.vb">
</Event><Event ErrorLevel="0" Project="USB2ISP" Source="frmMain.vb" Description="文件已成功备份为 C:\USB2ISP.NET.20120222\USB2ISP.NET1\Backup\frmMain.vb">
</Event><Event ErrorLevel="0" Project="USB2ISP" Source="Module1.vb" Description="文件已成功备份为 C:\USB2ISP.NET.20120222\USB2ISP.NET1\Backup\Module1.vb">
</Event><Event ErrorLevel="0" Project="USB2ISP" Source="USBIOXDLL.vb" Description="文件已成功备份为 C:\USB2ISP.NET.20120222\USB2ISP.NET1\Backup\USBIOXDLL.vb">
</Event><Event ErrorLevel="2" Project="USB2ISP" Source="_UpgradeReport.htm" Description="未能将文件备份为 C:\USB2ISP.NET.20120222\USB2ISP.NET1\Backup\_UpgradeReport.htm">
</Event><Event ErrorLevel="0" Project="USB2ISP" Source="USB2ISP.ico" Description="文件已成功备份为 C:\USB2ISP.NET.20120222\USB2ISP.NET1\Backup\USB2ISP.ico">
</Event><Event ErrorLevel="0" Project="USB2ISP" Source="frmMain.resX" Description="文件已成功备份为 C:\USB2ISP.NET.20120222\USB2ISP.NET1\Backup\frmMain.resX">
</Event><Event ErrorLevel="1" Project="USB2ISP" Source="USB2ISP.vbproj" Description="您的项目以 .NET Framework 2.0 或 3.0 为目标。如果您的项目使用的程序集需要更新的 .NET Framework，则项目生成将失败。通过单击项目菜单上的“属性”，然后在“.NET Framework”下拉框中选择一个新版本，可以更改 .NET Framework 的版本。(在 Visual Basic 中，可在单击“高级编辑器选项...”按钮时显示的“编译”选项卡上找到此下拉框。)">
</Event><Event ErrorLevel="0" Project="USB2ISP" Source="USB2ISP.vbproj" Description="项目已成功转换">
</Event><Event ErrorLevel="3" Project="USB2ISP" Source="USB2ISP.vbproj" Description="Converted">
</Event><Event ErrorLevel="0" Project="" Source="USB2ISP.sln" Description="成功转换解决方案">
</Event><Event ErrorLevel="3" Project="" Source="USB2ISP.sln" Description="Converted">
</Event><Event ErrorLevel="0" Project="USB2ISP" Source="USB2ISP.vbproj" Description="扫描完成: 项目文件不需要升级。">
</Event></UpgradeLog>