<?xml version="1.0"?>
<doc>
    <assembly>
        <name>USB2ISP</name>
    </assembly>
    <members>
        <member name="P:USB2ISP.frmMain.Default">
            <summary>
            Added by the VB.Net to C# Converter to support default instance behavour in C#
            </summary>
        </member>
        <member name="M:USB2ISP.USBIOXDLL.USBIO_SetBufUpload(System.Int32,System.Int32)">
            * SPI时序: SCK/D3引脚为时钟输出, 默认为低电平, DOUT/D5/MOSI和DOUT2/D4引脚在时钟上升沿之前输出, DIN/D7/MISO和DIN2/D6引脚在时钟下降沿之后输入 */
            * ioBuffer中的一个字节共8位分别对应D7-D0引脚, 位5输出到DOUT, 位4输出到DOUT2, 位2-位0输出到D2-D0, 位7从DIN/MISO输入, 位6从DIN/MISO2输入, 位3数据忽略 */
            * 在调用该API之前,应该先调用USBIO_Set_D5_D0设置USB2ISP的D5-D0引脚的I/O方向,并设置引脚的默认电平 */
        </member>
    </members>
</doc>
